file_name,label
0003.png,50.302734
0005.png,51.96289
0010.png,21.9694
0011.png,53.982746
0012.png,63.141277
0017.png,39.09668
0027.png,37.93457
0028.png,32.56673
0029.png,28.139648
0031.png,7.830404
0032.png,75.50944
0033.png,38.986004
0035.png,71.27604
0038.png,86.38346
0040.png,13.696289
0041.png,66.6276
0042.png,47.86784
0043.png,30.463867
0044.png,43.772785
0045.png,85.19369
0046.png,82.399086
0047.png,21.831055
0048.png,58.82487
0049.png,72.46582
0050.png,45.737305
0052.png,34.53125
0053.png,28.859049
0054.png,65.63151
0055.png,24.819336
0057.png,41.171875
0059.png,60.540363
0063.png,60.485027
0064.png,53.567707
0065.png,67.15332
0067.png,88.65234
0068.png,52.32259
0070.png,42.55534
0072.png,85.08301
0073.png,42.77669
0078.png,42.91504
0081.png,35.776367
0087.png,48.310547
0089.png,54.480793
0090.png,70.55664
0093.png,60.429688
0095.png,74.40267
0104.png,27.088217
0108.png,44.962566
0109.png,37.1875
0112.png,50.93913
0113.png,52.958984
0118.png,42.389324
0120.png,60.844727
0122.png,30.021158
0123.png,48.08919
0125.png,28.001303
0127.png,94.2692
0131.png,89.620766
0140.png,40.812176
0141.png,69.14551
0144.png,73.10221
0145.png,46.954754
0149.png,68.81348
0150.png,11.538086
0151.png,50.85612
0152.png,17.12728
0157.png,43.357746
0161.png,44.07715
0163.png,48.808594
0164.png,52.29492
0172.png,46.899414
0173.png,66.29557
0178.png,56.19629
0179.png,51.658527
0181.png,76.975914
0182.png,51.99056
0183.png,12.589519
0185.png,62.781574
0186.png,31.791992
0188.png,52.211914
0189.png,67.430016
0196.png,64.91211
0201.png,89.20573
0202.png,31.570639
0204.png,87.32422
0206.png,45.764973
0208.png,38.986004
0210.png,46.346027
0211.png,40.369465
0219.png,76.25651
0221.png,63.05827
0223.png,37.353516
0225.png,46.67806
0234.png,65.46549
0235.png,72.35514
0236.png,26.368814
0237.png,72.99154
0239.png,47.923176
0242.png,59.5166
0243.png,37.46419
0255.png,28.222656
0258.png,80.572914
0264.png,58.90788
0266.png,30.934244
0268.png,72.38281
0271.png,50.08138
0276.png,45.10091
0278.png,63.168945
0280.png,49.66634
0281.png,12.866211
0282.png,80.13021
0284.png,66.26791
0285.png,58.354492
0291.png,64.93978
0294.png,53.92741
0295.png,43.99414
0305.png,34.448242
0306.png,62.836914
0307.png,50.358074
0311.png,33.341473
0313.png,54.425457
0314.png,22.02474
0315.png,25.538736
0316.png,84.944664
0317.png,33.78418
0318.png,80.4069
0322.png,63.999023
0327.png,72.90853
0330.png,56.05794
0334.png,62.394207
0336.png,44.07715
0339.png,41.36556
0341.png,35.112305
0342.png,31.183268
0343.png,33.977863
0344.png,15.079753
0350.png,40.701496
0352.png,74.375
0355.png,59.295246
0357.png,63.916016
0358.png,50.551758
0359.png,54.591473
0361.png,35.527344
0362.png,44.436848
0363.png,52.84831
0379.png,83.9209
0392.png,55.39388
0394.png,45.709637
0395.png,62.809246
0397.png,53.40169
0400.png,62.97526
0401.png,85.19369
0404.png,64.49707
0405.png,64.27572
0408.png,47.286785
0409.png,23.13151
0412.png,50.496418
0417.png,18.012695
0419.png,55.283203
0420.png,51.132812
0423.png,48.255207
0424.png,52.986652
0431.png,38.155926
0432.png,38.847656
0433.png,52.599285
0434.png,68.61979
0436.png,34.392902
0438.png,82.70345
0440.png,76.47787
0441.png,50.52409
0442.png,34.282227
0445.png,46.844074
0449.png,14.637044
0451.png,19.091797
0453.png,34.06087
0455.png,37.57487
0458.png,51.27116
0461.png,57.247723
0463.png,55.117188
0465.png,62.61556
0466.png,32.871094
0467.png,54.370117
0468.png,64.52474
0470.png,78.41471
0471.png,15.245769
0481.png,27.33724
0482.png,56.666668
0484.png,35.416668
0487.png,21.941732
0494.png,69.36686
0501.png,44.74121
0503.png,44.32617
0506.png,39.04134
0508.png,74.23666
0509.png,55.864258
0511.png,39.290363
0512.png,57.718098
0514.png,51.16048
0517.png,55.283203
0518.png,35.63802
0526.png,67.65137
0528.png,72.13379
0530.png,40.701496
0532.png,72.46582
0535.png,55.44922
0536.png,66.37858
0540.png,72.07845
0544.png,34.835613
0546.png,81.81803
0547.png,35.27832
0551.png,78.44238
0555.png,42.83203
0561.png,89.75912
0563.png,51.354168
0564.png,57.718098
0565.png,55.698242
0568.png,19.396158
0569.png,61.315105
0571.png,50.911457
0573.png,57.441406
0575.png,42.22331
0576.png,56.722004
0581.png,44.32617
0586.png,28.08431
0588.png,55.03418
0592.png,71.16537
0593.png,69.72656
0594.png,89.70377
0596.png,55.476887
0598.png,31.764322
0599.png,84.25293
0601.png,64.635414
0604.png,40.31413
0609.png,40.092773
0612.png,59.8763
0613.png,55.31087
0617.png,66.40625
0619.png,89.70377
0624.png,53.733723
0628.png,54.591473
0629.png,62.11751
0630.png,56.334637
0631.png,48.255207
0634.png,77.11426
0635.png,42.44466
0636.png,47.53581
0637.png,54.480793
0638.png,79.07877
0640.png,41.310223
0643.png,43.219402
0644.png,65.63151
0645.png,75.56478
0648.png,62.753906
0652.png,48.14453
0654.png,75.34342
0658.png,87.185875
0661.png,24.736328
0663.png,60.568035
0670.png,85.41504
0671.png,45.57129
0678.png,73.046875
0682.png,33.064777
0685.png,72.189125
0686.png,29.24642
0694.png,32.068684
0698.png,58.133137
0700.png,42.278645
0703.png,78.19336
0706.png,30.574545
0707.png,43.136395
0710.png,57.3584
0711.png,14.498698
0712.png,52.37793
0716.png,48.97461
0717.png,72.46582
0720.png,58.299152
0721.png,42.11263
0725.png,46.816406
0731.png,43.24707
0734.png,39.01367
0736.png,24.431967
0738.png,67.04264
0739.png,64.27572
0742.png,75.813805
0746.png,69.03483
0751.png,20.945639
0752.png,56.389973
0757.png,18.842773
0759.png,55.753582
0760.png,58.02246
0764.png,84.47428
0765.png,44.298504
0769.png,74.26432
0781.png,13.751628
0785.png,24.597982
0786.png,63.80534
0791.png,62.338867
0793.png,35.00163
0794.png,34.973957
0797.png,51.60319
0800.png,18.98112
0802.png,70.97168
0804.png,50.164387
0805.png,65.9082
0806.png,22.43978
0808.png,89.427086
0813.png,11.75944
0816.png,86.66016
0818.png,55.03418
0824.png,42.77669
0825.png,19.977213
0827.png,49.749348
0829.png,72.99154
0831.png,43.19173
0833.png,67.7067
0834.png,47.618816
0837.png,70.805664
0840.png,37.215168
0847.png,56.223957
0850.png,41.36556
0855.png,88.569336
0856.png,9.794922
0858.png,14.526367
0861.png,47.86784
0862.png,81.23698
0864.png,59.018555
0866.png,57.63509
0868.png,41.33789
0869.png,51.022137
0871.png,63.3903
0873.png,64.331055
0875.png,86.82617
0876.png,63.085938
0879.png,51.769207
0887.png,19.506836
0888.png,64.99512
0891.png,55.919598
0897.png,66.54459
0898.png,32.815754
0901.png,65.02279
0908.png,33.950195
0911.png,16.158854
0912.png,52.682293
0914.png,62.97526
0916.png,53.18034
0918.png,72.410484
0921.png,57.939453
0922.png,51.381836
0923.png,64.30338
0930.png,50.634766
0934.png,42.195637
0937.png,41.891277
0938.png,20.807291
0941.png,86.964516
0943.png,69.69889
0945.png,64.08203
0947.png,88.48633
0951.png,49.749348
0952.png,52.184246
0955.png,68.149414
0958.png,22.633463
0959.png,74.62402
0961.png,92.387695
0968.png,86.0791
0971.png,62.72624
0972.png,78.02734
0973.png,65.382484
0976.png,26.064453
0977.png,64.1097
0978.png,39.733074
0979.png,35.97005
0982.png,48.64258
0983.png,56.80501
0990.png,58.49284
0992.png,23.15918
0994.png,46.871746
0995.png,53.92741
0996.png,47.12077
1000.png,49.002277
1002.png,46.567383
1003.png,22.02474
1006.png,33.09245
1007.png,44.187824
1009.png,31.736654
1010.png,60.512695
1011.png,72.65951
1012.png,13.64095
1014.png,31.930338
1015.png,63.33496
1016.png,60.872395
1018.png,82.89713
1021.png,23.048502
1026.png,55.670574
1027.png,44.658203
1028.png,56.61133
1032.png,80.379234
1033.png,39.45638
1035.png,57.3584
1039.png,21.582031
1046.png,52.29492
1048.png,37.049152
1052.png,80.268555
1057.png,61.92383
1061.png,69.643555
1062.png,59.95931
1066.png,50.994465
1068.png,42.804363
1070.png,63.611652
1077.png,94.96094
1080.png,64.05436
1085.png,29.716797
1087.png,90.28483
1091.png,73.793945
1096.png,54.75749
1101.png,56.832684
1106.png,18.427734
1107.png,42.001953
1108.png,56.971027
1112.png,70.390625
1116.png,28.361002
1120.png,67.90039
1121.png,75.4541
1123.png,71.442055
1125.png,60.872395
1130.png,51.132812
1133.png,84.308266
1134.png,79.632164
1136.png,24.099936
1140.png,73.2959
1142.png,49.832355
1146.png,65.32715
1147.png,56.749676
1150.png,48.338215
1151.png,67.9834
1152.png,31.570639
1154.png,82.8418
1160.png,50.80078
1161.png,69.72656
1165.png,49.943035
1166.png,33.175457
1168.png,35.7487
1171.png,72.07845
1172.png,44.187824
1174.png,74.40267
1178.png,22.633463
1179.png,73.60026
1182.png,15.245769
1185.png,34.53125
1189.png,36.883137
1193.png,78.88509
1195.png,45.322266
1197.png,42.942707
1202.png,35.776367
1203.png,59.21224
1204.png,49.72168
1205.png,45.294598
1208.png,69.007164
1210.png,60.042316
1211.png,44.07715
1212.png,92.96875
1215.png,21.360678
1216.png,58.741863
1219.png,10.708008
1221.png,26.202799
1222.png,32.760418
1223.png,65.13346
1224.png,63.611652
1225.png,43.883465
1228.png,45.792645
1230.png,85.885414
1232.png,85.38737
1234.png,47.674152
1236.png,46.899414
1237.png,31.625977
1238.png,60.81706
1239.png,50.10905
1241.png,61.78548
1242.png,37.685547
1243.png,47.591145
1245.png,33.45215
1247.png,55.753582
1248.png,35.36133
1262.png,54.812824
1263.png,50.966797
1264.png,54.67448
1266.png,82.59277
1267.png,18.151041
1268.png,31.404623
1269.png,68.370766
1272.png,20.917969
1274.png,68.31543
1275.png,76.339516
1279.png,77.28027
1281.png,40.092773
1283.png,30.270182
1284.png,70.33529
1287.png,40.839844
1289.png,17.210287
1290.png,61.979168
1300.png,28.748373
1301.png,34.420574
1302.png,83.09082
1304.png,51.90755
1305.png,84.91699
1307.png,11.897786
1310.png,58.243816
1312.png,41.00586
1313.png,59.848633
1317.png,22.38444
1318.png,72.35514
1320.png,65.1058
1322.png,32.760418
1323.png,44.602863
1324.png,77.58463
1330.png,72.77018
1331.png,67.81738
1339.png,77.612305
1342.png,73.489586
1343.png,41.00586
1345.png,65.32715
1348.png,37.60254
1355.png,76.28418
1356.png,36.468098
1357.png,57.994793
1358.png,42.416992
1361.png,32.041016
1362.png,31.210938
1366.png,7.6367188
1367.png,79.964195
1368.png,29.744467
1371.png,49.168293
1375.png,58.409832
1378.png,16.435547
1382.png,59.54427
1385.png,31.349283
1386.png,84.05924
1388.png,45.10091
1391.png,37.51953
1392.png,54.61914
1395.png,35.139973
1396.png,61.78548
1399.png,57.386066
1400.png,46.346027
1401.png,60.595703
1402.png,75.56478
1403.png,61.730145
1409.png,40.895184
1410.png,50.911457
1413.png,80.379234
1420.png,32.89876
1422.png,83.06315
1425.png,52.29492
1427.png,40.59082
1428.png,59.95931
1429.png,53.733723
1431.png,42.416992
1437.png,40.701496
1439.png,65.825195
1450.png,92.802734
1451.png,34.088543
1452.png,36.634113
1456.png,34.25456
1458.png,32.56673
1459.png,63.999023
1464.png,73.793945
1466.png,47.923176
1474.png,24.736328
1476.png,57.69043
1478.png,50.52409
1479.png,48.28288
1483.png,44.990234
1484.png,16.795248
1487.png,85.470375
1488.png,60.097656
1489.png,74.26432
1490.png,13.308919
1492.png,39.594727
1493.png,80.79427
1495.png,59.820965
1496.png,25.123697
1497.png,68.86881
1499.png,55.476887
1500.png,49.99837
1501.png,86.54948
1502.png,52.32259
1505.png,49.02995
1506.png,36.85547
1507.png,42.91504
1512.png,49.804688
1514.png,70.16927
1517.png,88.76302
1518.png,76.39486
1524.png,69.754234
1525.png,71.30371
1530.png,57.109375
1531.png,45.239258
1532.png,77.889
1536.png,53.125
1537.png,73.73861
1539.png,55.117188
1540.png,53.844402
1542.png,40.67383
1546.png,34.47591
1547.png,33.45215
1548.png,92.33236
1549.png,75.7308
1550.png,31.10026
1552.png,64.85677
1557.png,83.61654
1561.png,57.96712
1562.png,29.827475
1563.png,70.086266
1564.png,28.194986
1565.png,28.748373
1568.png,31.45996
1569.png,87.98828
1570.png,76.1735
1574.png,64.4694
1577.png,51.049805
1578.png,48.448895
1581.png,35.472004
1583.png,31.321615
1584.png,26.922201
1589.png,60.76172
1590.png,38.76465
1591.png,55.891926
1594.png,31.404623
1595.png,30.934244
1597.png,41.199543
1601.png,30.048828
1602.png,44.907227
1608.png,59.710285
1609.png,37.021484
1616.png,46.31836
1622.png,22.993164
1623.png,55.532227
1624.png,61.14909
1626.png,69.58822
1627.png,33.894855
1628.png,79.964195
1632.png,34.503582
1634.png,57.41374
1637.png,75.31576
1643.png,34.033203
1646.png,67.9834
1647.png,72.88086
1649.png,58.38216
1653.png,15.688477
1654.png,90.06348
1655.png,51.354168
1657.png,61.536457
1660.png,30.297852
1661.png,43.745117
1663.png,62.64323
1664.png,82.15006
1673.png,30.574545
1674.png,59.405926
1676.png,61.84082
1684.png,33.811848
1685.png,47.148438
1686.png,33.341473
1689.png,67.20866
1690.png,32.732746
1693.png,84.55729
1697.png,75.7308
1700.png,78.85742
1701.png,88.9567
1706.png,47.840168
1707.png,75.97982
1709.png,55.476887
1710.png,59.54427
1713.png,18.704428
1719.png,63.556316
1721.png,49.583332
1722.png,72.82552
1723.png,17.680664
1725.png,68.785805
1726.png,70.44596
1731.png,18.20638
1732.png,89.20573
1736.png,12.091472
1742.png,71.41439
1743.png,65.493164
1745.png,66.572266
1748.png,37.104492
1749.png,85.38737
1750.png,61.92383
1751.png,51.935223
1752.png,80.93262
1756.png,45.54362
1758.png,73.24056
1760.png,72.77018
1762.png,71.82943
1763.png,62.062176
1764.png,55.615234
1765.png,88.569336
1776.png,44.436848
1778.png,73.21289
1779.png,46.65039
1781.png,63.41797
1782.png,29.329428
1792.png,81.430664
1794.png,59.737957
1798.png,38.81999
1800.png,54.25944
1806.png,72.936195
1807.png,67.07031
1811.png,68.3431
1812.png,77.05892
1816.png,62.421875
1817.png,74.04297
1820.png,52.488605
1823.png,74.12598
1828.png,76.72689
1830.png,90.97656
1831.png,53.89974
1833.png,50.13672
1834.png,71.33138
1837.png,42.001953
1838.png,76.47787
1841.png,36.8278
1843.png,44.575195
1845.png,9.020183
1846.png,43.99414
1851.png,48.808594
1852.png,29.689127
1858.png,72.410484
1863.png,30.74056
1864.png,58.90788
1867.png,27.33724
1869.png,17.680664
1872.png,75.89681
1873.png,51.852215
1874.png,75.64779
1878.png,28.83138
1881.png,26.313477
1882.png,52.267254
1885.png,40.729168
1887.png,71.35905
1892.png,87.600914
1893.png,44.13249
1894.png,18.095703
1900.png,68.50912
1906.png,79.77051
1908.png,38.986004
1909.png,42.22331
1910.png,50.219727
1915.png,53.733723
1916.png,54.453125
1917.png,65.27181
1923.png,42.250977
1924.png,48.50423
1925.png,36.08073
1929.png,36.02539
1938.png,54.64681
1940.png,62.283527
1945.png,90.367836
1948.png,63.528645
1950.png,44.962566
1958.png,66.40625
1961.png,60.152996
1964.png,51.105145
1965.png,80.82194
1968.png,70.1416
1969.png,46.927082
1972.png,68.12174
1973.png,62.781574
1975.png,48.58724
1976.png,56.445312
1983.png,77.2526
1984.png,20.032553
1986.png,78.88509
1987.png,58.686523
1988.png,83.61654
1989.png,40.17578
1993.png,55.808918
1994.png,15.494792
1995.png,15.052083
1996.png,79.57682
1999.png,29.93815
2000.png,38.792316
2006.png,40.31413
2007.png,47.03776
2011.png,43.800457
2013.png,62.034504
2014.png,93.60514
2015.png,19.451498
2016.png,60.40202
2017.png,43.053387
2018.png,83.33984
2022.png,84.14225
2023.png,52.239582
2024.png,64.13737
2025.png,53.374023
2027.png,76.69922
2032.png,70.58431
2033.png,41.835938
2035.png,65.32715
2036.png,31.238607
2037.png,65.74219
2039.png,53.51237
2041.png,40.25879
2044.png,60.457355
2045.png,43.883465
2049.png,35.582684
2050.png,42.77669
2051.png,49.195965
2054.png,20.5306
2055.png,42.666016
2059.png,72.05078
2060.png,32.98177
2061.png,60.595703
2063.png,70.66732
2064.png,26.645508
2065.png,72.07845
2066.png,71.41439
2068.png,49.99837
2070.png,61.37044
2071.png,14.02832
2072.png,31.681314
2074.png,55.42155
2076.png,20.281576
2077.png,36.41276
2078.png,36.80013
2081.png,55.891926
2082.png,62.864582
2084.png,57.66276
2087.png,37.713215
2088.png,57.552082
2089.png,66.43392
2090.png,18.704428
2091.png,52.267254
2093.png,43.800457
2094.png,13.28125
2099.png,35.942383
2109.png,71.41439
2111.png,45.183918
2113.png,44.82422
2114.png,38.515625
2116.png,75.56478
2122.png,39.235027
2130.png,53.761395
2131.png,77.66764
2133.png,37.049152
2134.png,49.195965
2135.png,54.895832
2140.png,45.43294
2145.png,53.87207
2156.png,48.08919
2158.png,42.472332
2159.png,35.499676
2164.png,41.199543
2167.png,41.559246
2169.png,51.741535
2170.png,77.58463
2171.png,43.385418
2179.png,70.66732
2189.png,37.851562
2190.png,70.66732
2193.png,72.631836
2194.png,71.96777
2195.png,78.88509
2196.png,20.447592
2198.png,55.08952
2201.png,25.621744
2202.png,39.37337
2203.png,22.993164
2204.png,92.41537
2205.png,84.88932
2206.png,58.82487
2214.png,73.683266
2215.png,21.111654
2217.png,41.0612
2218.png,23.325195
2219.png,80.4069
2221.png,68.785805
2226.png,63.556316
2228.png,57.939453
2229.png,60.983074
2230.png,49.38965
2234.png,47.950848
2237.png,64.30338
2239.png,39.318035
2244.png,58.658855
2246.png,25.317383
2248.png,45.294598
2251.png,59.156902
2252.png,21.22233
2254.png,78.13802
2255.png,53.346355
2258.png,53.844402
2261.png,47.53581
2263.png,29.716797
2267.png,61.84082
2268.png,52.211914
2269.png,87.185875
2271.png,48.006184
2272.png,21.305338
2276.png,34.47591
2277.png,50.80078
2282.png,44.04948
2284.png,78.69141
2285.png,45.128582
2289.png,62.61556
2296.png,23.380533
2302.png,16.103516
2304.png,84.36361
2307.png,41.503906
2309.png,87.822266
2310.png,71.69108
2313.png,71.248375
2314.png,61.50879
2317.png,54.64681
2320.png,71.9401
2324.png,23.020834
2327.png,60.67871
2328.png,20.143229
2334.png,27.835287
2336.png,72.90853
2338.png,67.291664
2340.png,54.397785
2341.png,71.27604
2345.png,21.443686
2346.png,37.076824
2347.png,48.116863
2351.png,14.3880205
2352.png,67.623695
2357.png,82.814125
2361.png,64.58008
2363.png,43.689777
2370.png,88.873695
2371.png,55.200195
2372.png,68.785805
2374.png,22.107748
2375.png,23.297525
2380.png,17.210287
2386.png,26.673178
2388.png,60.595703
2392.png,59.156902
2394.png,66.82129
2395.png,50.966797
2396.png,33.72884
2397.png,37.796223
2398.png,37.768555
2399.png,86.49414
2403.png,79.71517
2408.png,76.78223
2409.png,55.144855
2413.png,65.99121
2421.png,45.792645
2425.png,50.88379
2429.png,88.09896
2440.png,36.05306
2446.png,34.337566
2449.png,7.9964194
2452.png,83.75488
2454.png,50.05371
2456.png,38.847656
2458.png,63.583984
2459.png,20.06022
2461.png,88.70768
2463.png,42.942707
2465.png,58.0778
2466.png,52.29492
2467.png,54.038086
2470.png,42.8597
2472.png,44.436848
2478.png,50.80078
2482.png,40.341797
2483.png,52.682293
2486.png,43.9388
2487.png,83.561195
2488.png,48.58724
2489.png,52.156574
2490.png,69.92025
2492.png,47.978516
2494.png,80.79427
2496.png,55.200195
2498.png,62.477215
2500.png,48.697918
2507.png,68.7028
2510.png,23.87858
2520.png,52.29492
2521.png,54.923504
2523.png,88.680016
2524.png,83.256836
2527.png,68.45377
2529.png,34.724934
2530.png,54.895832
2531.png,40.92285
2532.png,32.2347
2533.png,63.251953
2534.png,42.057293
2535.png,95.70801
2536.png,50.634766
2539.png,60.67871
2544.png,57.939453
2545.png,22.578125
2547.png,51.658527
2550.png,33.78418
2552.png,57.579754
2556.png,76.25651
2559.png,61.813152
2560.png,78.82975
2561.png,57.828777
2563.png,58.935547
2564.png,42.361652
2566.png,29.799805
2567.png,46.761066
2568.png,54.840496
2569.png,71.74642
2571.png,53.678387
2576.png,32.926434
2577.png,65.24414
2584.png,48.1722
2585.png,67.430016
2586.png,68.09408
2589.png,79.3278
2590.png,22.41211
2592.png,74.51334
2595.png,45.792645
2596.png,80.98795
2597.png,60.81706
2603.png,41.780598
2609.png,16.6569
2612.png,76.145836
2616.png,64.49707
2617.png,53.87207
2618.png,62.864582
2619.png,46.65039
2620.png,18.289389
2625.png,56.030273
2627.png,78.74674
2629.png,63.030598
2631.png,59.765625
2635.png,18.068033
2636.png,48.61491
2637.png,83.14616
2640.png,51.57552
2643.png,33.147785
2647.png,64.88444
2657.png,53.89974
2659.png,76.06283
2660.png,84.03158
2661.png,83.229164
2663.png,48.476562
2665.png,42.11263
2673.png,40.480145
2675.png,67.34701
2679.png,15.854492
2680.png,56.86035
2682.png,20.83496
2684.png,68.28776
2685.png,41.80827
2687.png,83.69955
2688.png,67.37467
2695.png,36.85547
2697.png,57.441406
2698.png,65.24414
2701.png,9.656575
2703.png,81.319984
2704.png,76.560875
2708.png,56.334637
2709.png,69.20084
2710.png,24.099936
2712.png,70.75033
2714.png,63.27962
2721.png,78.08268
2722.png,53.18034
2727.png,60.70638
2728.png,57.63509
2729.png,76.72689
2731.png,24.265951
2732.png,36.191406
2733.png,47.923176
2734.png,71.08236
2735.png,78.30404
2737.png,76.22884
2741.png,13.530273
2743.png,86.18978
2748.png,58.548176
2749.png,75.23275
2750.png,41.448566
2751.png,19.72819
2752.png,49.472656
2753.png,81.486
2756.png,71.80176
2760.png,53.789062
2763.png,67.65137
2764.png,41.66992
2767.png,50.634766
2772.png,50.496418
2774.png,52.488605
2775.png,54.453125
2776.png,61.259766
2778.png,41.448566
2779.png,90.61686
2784.png,38.653973
2790.png,83.33984
2791.png,21.333008
2792.png,48.725586
2794.png,25.953775
2801.png,76.89291
2804.png,35.582684
2807.png,41.448566
2813.png,20.696615
2815.png,39.401043
2816.png,64.41406
2818.png,62.394207
2820.png,53.06966
2822.png,80.48991
2823.png,71.35905
2826.png,39.871418
2828.png,64.52474
2830.png,67.430016
2831.png,58.935547
2837.png,70.086266
2840.png,36.938477
2843.png,67.67904
2848.png,49.832355
2849.png,37.57487
2850.png,36.744793
2853.png,87.76693
2856.png,51.713867
2857.png,38.68164
2858.png,29.025064
2859.png,24.708658
2860.png,89.12272
2862.png,53.18034
2864.png,80.29623
2869.png,36.85547
2871.png,52.35026
2872.png,43.828125
2874.png,82.09473
2875.png,29.19108
2877.png,75.592445
2879.png,86.49414
2883.png,51.29883
2886.png,38.598633
2887.png,39.401043
2893.png,61.176758
2894.png,51.409504
2897.png,37.353516
2898.png,55.615234
2900.png,65.63151
2901.png,39.816082
2906.png,31.708984
2911.png,51.852215
2912.png,40.092773
2919.png,24.514975
2920.png,85.166016
2927.png,83.256836
2931.png,52.73763
2932.png,48.780926
2939.png,30.68522
2942.png,37.98991
2943.png,38.2666
2946.png,67.623695
2947.png,47.03776
2952.png,34.86328
2955.png,23.93392
2957.png,29.357096
2958.png,60.01465
2971.png,47.701824
2972.png,43.800457
2977.png,75.592445
2980.png,49.33431
2984.png,37.685547
2986.png,71.4974
2990.png,76.560875
2991.png,42.998047
2994.png,46.567383
2995.png,51.63086
2997.png,63.3903
3001.png,46.512043
3002.png,58.603516
3003.png,45.875652
3005.png,46.78874
3007.png,68.73047
3011.png,69.7819
3014.png,34.420574
3015.png,26.507162
3018.png,50.302734
3021.png,87.68392
3022.png,85.83008
3024.png,35.33366
3030.png,58.935547
3033.png,76.8099
3036.png,40.97819
3037.png,19.396158
3038.png,47.231445
3039.png,69.947914
3041.png,54.895832
3042.png,86.54948
3051.png,46.761066
3052.png,54.480793
3054.png,78.470055
3056.png,13.917644
3069.png,49.583332
3070.png,41.199543
3074.png,32.013348
3075.png,80.87728
3077.png,65.188805
3080.png,24.65332
3081.png,26.839193
3083.png,56.334637
3085.png,35.029297
3086.png,59.8763
3091.png,46.456707
3093.png,63.41797
3098.png,24.016928
3102.png,17.84668
3104.png,85.33203
3105.png,48.393555
3106.png,51.658527
3116.png,88.237305
3117.png,59.21224
3119.png,43.855793
3122.png,91.41927
3126.png,77.612305
3127.png,74.0153
3132.png,32.013348
3133.png,56.085613
3135.png,49.804688
3136.png,46.18001
3137.png,87.98828
3139.png,77.63998
3141.png,52.599285
3142.png,73.73861
3143.png,37.685547
3145.png,32.428387
3146.png,68.038734
3150.png,11.648763
3152.png,76.94824
3153.png,35.804035
3155.png,49.195965
3160.png,56.417645
3163.png,54.840496
3164.png,64.16504
3166.png,40.812176
3168.png,35.69336
3171.png,59.21224
3172.png,66.04655
3173.png,77.36328
3180.png,48.14453
3183.png,68.01107
3184.png,44.46452
3185.png,69.31152
3187.png,66.26791
3190.png,60.73405
3196.png,30.574545
3198.png,51.409504
3199.png,42.77669
3206.png,52.35026
3207.png,55.72591
3208.png,82.814125
3210.png,45.709637
3211.png,48.753254
3219.png,41.835938
3220.png,45.128582
3223.png,30.35319
3224.png,91.3916
3226.png,58.603516
3227.png,64.74609
3230.png,80.07487
3231.png,71.69108
3233.png,49.223633
3236.png,70.55664
3237.png,45.045574
3245.png,50.994465
3246.png,38.32194
3250.png,67.7067
3252.png,47.286785
3259.png,30.270182
3260.png,44.82422
3261.png,38.32194
3265.png,88.32031
3266.png,46.844074
3269.png,83.28451
3274.png,57.939453
3275.png,40.23112
3279.png,51.381836
3280.png,23.103842
3281.png,45.820312
3282.png,35.914715
3283.png,30.270182
3286.png,45.98633
3287.png,48.64258
3288.png,39.04134
3289.png,49.915363
3293.png,28.139648
3297.png,18.040365
3298.png,49.887695
3304.png,44.575195
3307.png,71.995445
3308.png,44.934895
3309.png,43.385418
3310.png,37.93457
3311.png,42.389324
3312.png,66.26791
3315.png,38.29427
3318.png,38.930664
3320.png,60.457355
3322.png,60.651043
3327.png,69.83724
3329.png,56.47298
3330.png,10.708008
3335.png,67.65137
3338.png,53.59538
3340.png,53.4847
3341.png,59.59961
3344.png,36.77246
3345.png,52.931316
3350.png,33.50749
3356.png,19.036459
3361.png,19.866537
3364.png,56.55599
3368.png,47.03776
3369.png,60.01465
3370.png,86.24512
3373.png,22.799479
3376.png,54.67448
3380.png,79.3278
3382.png,81.0433
3383.png,59.8763
3386.png,74.7347
3387.png,44.990234
3391.png,79.3278
3393.png,46.31836
3397.png,25.151367
3398.png,45.95866
3402.png,71.82943
3405.png,39.207355
3406.png,84.086914
3407.png,59.101562
3410.png,43.772785
3411.png,89.89746
3412.png,83.75488
3414.png,61.42578
3417.png,57.579754
3419.png,70.805664
3420.png,69.0625
3423.png,63.999023
3424.png,18.068033
3426.png,26.783854
3435.png,59.295246
3436.png,16.407877
3441.png,90.28483
3443.png,87.26888
3447.png,14.858398
3448.png,67.623695
3451.png,76.31185
3453.png,85.24902
3461.png,44.87956
3462.png,31.349283
3463.png,37.1875
3465.png,87.8776
3466.png,55.144855
3467.png,43.60677
3470.png,26.396484
3472.png,56.88802
3473.png,38.6263
3474.png,73.84928
3478.png,44.602863
3480.png,74.956055
3483.png,49.527996
3485.png,46.152344
3486.png,58.409832
3488.png,65.76986
3489.png,47.093098
3491.png,50.607098
3493.png,32.317707
3495.png,43.30241
3497.png,54.64681
3505.png,57.33073
3507.png,38.40495
3508.png,52.10124
3509.png,32.2347
3510.png,43.966473
3516.png,61.204426
3521.png,76.22884
3524.png,61.14909
3525.png,60.125324
3526.png,69.947914
3529.png,39.45638
3532.png,68.95182
3533.png,28.277994
3534.png,41.4209
3536.png,45.51595
3540.png,38.875324
3542.png,32.29004
3546.png,50.10905
3548.png,48.1722
3552.png,35.831707
3553.png,77.22494
3557.png,69.36686
3559.png,41.47624
3560.png,39.650066
3561.png,47.674152
3562.png,65.65918
3567.png,38.875324
3568.png,39.235027
3579.png,51.824543
3589.png,33.286133
3594.png,84.308266
3595.png,33.562824
3598.png,39.78841
3599.png,77.11426
3601.png,44.851887
3603.png,27.69694
3610.png,32.815754
3611.png,47.646484
3613.png,90.589195
3615.png,40.092773
3619.png,56.88802
3623.png,65.493164
3625.png,36.938477
3626.png,89.2334
3630.png,76.47787
3631.png,90.34017
3632.png,36.49577
3633.png,48.725586
3635.png,77.612305
3639.png,93.8265
3641.png,49.69401
3643.png,72.189125
3644.png,69.947914
3648.png,53.54004
3650.png,36.993816
3654.png,46.26302
3657.png,54.314777
3658.png,69.72656
3659.png,52.875977
3660.png,50.88379
3661.png,45.654297
3662.png,64.19271
3667.png,47.369793
3668.png,56.14095
3672.png,67.90039
3673.png,22.965494
3676.png,74.81771
3678.png,83.367516
3682.png,11.814778
3684.png,71.16537
3689.png,87.46256
3691.png,59.903973
3692.png,55.974934
3694.png,62.61556
3695.png,26.451822
3696.png,45.90332
3701.png,59.322918
3705.png,39.89909
3706.png,42.88737
3707.png,31.625977
3711.png,67.90039
3714.png,64.026695
3720.png,43.99414
3721.png,45.875652
3722.png,61.92383
3726.png,72.38281
3728.png,47.729492
3730.png,43.71745
3732.png,36.85547
3734.png,42.333984
3740.png,42.998047
3742.png,49.500324
3743.png,77.501625
3746.png,85.7194
3747.png,75.86914
3748.png,71.995445
3749.png,61.010742
3750.png,55.50456
3758.png,65.57617
3765.png,12.810872
3766.png,53.45703
3768.png,58.409832
3774.png,76.39486
3775.png,80.7666
3776.png,70.61198
3780.png,83.69955
3782.png,79.35547
3786.png,58.299152
3787.png,59.54427
3788.png,43.357746
3791.png,32.26237
3795.png,50.219727
3796.png,62.449543
3797.png,46.013996
3800.png,42.11263
3804.png,43.136395
3806.png,43.52376
3808.png,10.099284
3810.png,64.08203
3814.png,43.413086
3815.png,51.54785
3816.png,86.217445
3817.png,65.21647
3822.png,64.35873
3823.png,63.085938
3824.png,20.696615
3826.png,57.192383
3827.png,44.713543
3828.png,66.240234
3830.png,75.89681
3832.png,36.883137
3834.png,19.091797
3835.png,45.21159
3836.png,27.30957
3838.png,74.40267
3840.png,37.325848
3841.png,56.58366
3842.png,71.63574
3843.png,28.610025
3844.png,91.30859
3847.png,59.54427
3849.png,15.024414
3851.png,45.98633
3852.png,92.55371
3858.png,37.408855
3861.png,54.480793
3862.png,73.51725
3863.png,35.167645
3865.png,44.35384
3870.png,71.91244
3873.png,44.990234
3877.png,34.005535
3879.png,66.37858
3881.png,82.73112
3883.png,26.53483
3884.png,79.60449
3885.png,68.177086
3886.png,87.1582
3888.png,60.097656
3889.png,47.950848
3890.png,57.552082
3891.png,76.69922
3894.png,51.409504
3895.png,75.20508
3896.png,65.27181
3897.png,55.42155
3898.png,35.66569
3899.png,51.464844
3901.png,53.678387
3905.png,72.77018
3910.png,53.18034
3911.png,62.504883
3912.png,48.476562
3915.png,73.73861
3916.png,50.08138
3918.png,70.47363
3920.png,11.648763
3921.png,40.95052
3922.png,82.288414
3924.png,79.93652
3928.png,75.48177
3934.png,31.764322
3936.png,56.971027
3937.png,38.072918
3939.png,56.61133
3944.png,30.076498
3948.png,71.58041
3951.png,29.19108
3955.png,67.34701
3956.png,53.374023
3957.png,72.96387
3958.png,51.60319
3959.png,73.82162
3965.png,76.754555
3966.png,45.875652
3968.png,51.852215
3969.png,67.95573
3970.png,74.59635
3971.png,32.26237
3972.png,57.801105
3975.png,51.6862
3980.png,38.432617
3981.png,41.835938
3987.png,36.08073
3988.png,60.789387
3991.png,42.195637
3992.png,62.91992
3997.png,59.710285
4004.png,30.131836
4005.png,81.23698
4009.png,76.1735
4012.png,62.25586
4013.png,12.92155
4014.png,68.64746
4019.png,62.338867
4025.png,59.59961
4026.png,64.91211
4027.png,50.634766
4028.png,43.27474
4029.png,36.136066
4031.png,63.41797
4033.png,51.6862
4038.png,72.43815
4045.png,49.804688
4046.png,68.23242
4047.png,66.65527
4049.png,23.325195
4053.png,50.80078
4055.png,69.0625
4057.png,54.370117
4064.png,66.95963
4066.png,77.47396
4067.png,34.752605
4068.png,29.550781
4072.png,51.63086
4075.png,91.36393
4076.png,13.419597
4077.png,80.84961
4079.png,43.52376
4081.png,68.56445
4083.png,39.09668
4084.png,51.022137
4085.png,75.84147
4087.png,82.26074
4091.png,57.884113
4092.png,61.14909
4095.png,64.99512
4097.png,59.54427
4102.png,50.41341
4103.png,50.46875
4104.png,13.64095
4105.png,39.84375
4106.png,83.47819
4107.png,81.95638
4109.png,34.005535
4110.png,72.43815
4111.png,34.94629
4115.png,44.575195
4120.png,47.148438
4124.png,75.23275
4132.png,37.685547
4133.png,50.52409
4137.png,39.954426
4140.png,96.316734
4143.png,47.895508
4146.png,71.19303
4150.png,47.48047
4151.png,48.22754
4152.png,58.49284
4153.png,37.076824
4156.png,51.381836
4158.png,67.7067
4162.png,40.23112
4165.png,26.092123
4167.png,45.84798
4168.png,80.01953
4170.png,53.208008
4171.png,46.18001
4176.png,71.74642
4177.png,46.31836
4178.png,55.559895
4181.png,28.720703
4183.png,28.776041
4185.png,67.15332
4186.png,81.95638
4188.png,94.43522
4191.png,69.92025
4192.png,51.54785
4195.png,45.792645
4196.png,78.30404
4201.png,86.05143
4203.png,69.83724
4205.png,47.01009
4206.png,41.033527
4207.png,60.844727
4208.png,81.126305
4210.png,50.05371
4212.png,81.26465
4213.png,93.38379
4215.png,19.811197
4217.png,50.219727
4218.png,62.20052
4220.png,50.05371
4221.png,59.903973
4222.png,23.297525
4223.png,35.66569
4225.png,63.943684
4227.png,78.995766
4230.png,36.274414
4231.png,71.52506
4232.png,80.43457
4235.png,70.91634
4238.png,75.48177
4240.png,64.773766
4243.png,90.94889
4250.png,77.307945
4251.png,55.587566
4252.png,31.238607
4254.png,28.582357
4256.png,62.25586
4258.png,56.14095
4259.png,57.109375
4260.png,22.71647
4262.png,82.67578
4263.png,32.400715
4268.png,47.4528
4269.png,43.440754
4270.png,34.14388
4274.png,52.571613
4285.png,34.697266
4292.png,51.54785
4293.png,54.25944
4296.png,54.70215
4298.png,86.60482
4299.png,19.589844
4301.png,42.666016
4302.png,58.188477
4303.png,73.51725
4304.png,41.47624
4305.png,47.231445
4310.png,20.641275
4311.png,11.897786
4314.png,45.266926
4316.png,61.979168
4317.png,59.101562
4318.png,48.531902
4319.png,41.171875
4321.png,65.88053
4323.png,54.536133
4325.png,33.286133
4327.png,56.445312
4328.png,45.62663
4329.png,38.792316
4333.png,84.00391
4334.png,71.58041
4335.png,79.18945
4336.png,83.83789
4340.png,55.642902
4341.png,19.423828
4344.png,76.89291
4345.png,10.541992
4346.png,56.417645
4347.png,52.571613
4348.png,60.540363
4349.png,96.62109
4355.png,20.724283
4356.png,93.90951
4358.png,81.652016
4359.png,26.811523
4364.png,52.903645
4365.png,53.623047
4367.png,38.515625
4369.png,73.43424
4370.png,30.602213
4374.png,50.41341
4375.png,10.569661
4376.png,39.871418
4378.png,35.721027
4379.png,20.253906
4381.png,29.882812
4383.png,33.39681
4384.png,36.41276
4385.png,12.008464
4386.png,37.87923
4392.png,35.30599
4395.png,54.508465
4396.png,62.753906
4398.png,58.0778
4400.png,62.6709
4403.png,51.077473
4405.png,62.836914
4412.png,87.8776
4417.png,40.86751
4422.png,58.38216
4423.png,54.010418
4428.png,78.55306
4429.png,27.392578
4430.png,30.768229
4432.png,27.420248
4433.png,30.934244
4436.png,66.461586
4437.png,46.899414
4438.png,69.83724
4442.png,46.3737
4448.png,13.862305
4449.png,36.744793
4453.png,90.257164
4456.png,77.86133
4457.png,54.425457
4459.png,44.436848
4461.png,51.049805
4462.png,42.91504
4464.png,60.81706
4465.png,36.246746
4467.png,50.330402
4470.png,25.594076
4473.png,77.66764
4478.png,55.338543
4479.png,43.689777
4482.png,11.040039
4483.png,16.435547
4493.png,52.0459
4494.png,35.472004
4497.png,76.28418
4500.png,54.314777
4503.png,45.93099
4507.png,32.788086
4509.png,37.325848
4511.png,46.98242
4520.png,72.68717
4521.png,55.532227
4522.png,58.10547
4523.png,35.997723
4531.png,55.615234
4535.png,60.236004
4538.png,87.73926
4541.png,48.19987
4542.png,35.804035
4543.png,81.15397
4544.png,67.07031
4546.png,18.17871
4549.png,54.895832
4550.png,62.11751
4551.png,61.232098
4553.png,62.53255
4554.png,38.2666
4555.png,55.587566
4559.png,67.87272
4564.png,30.325521
4569.png,58.990887
4571.png,33.673504
4573.png,19.285482
4574.png,43.357746
4576.png,38.958332
4577.png,51.935223
4579.png,80.29623
4584.png,36.634113
4585.png,32.815754
4589.png,38.68164
4590.png,43.689777
4591.png,69.47754
4596.png,38.875324
4598.png,84.05924
4600.png,54.923504
4601.png,90.69987
4603.png,61.204426
4607.png,45.10091
4610.png,41.199543
4613.png,92.55371
4615.png,79.88119
4617.png,34.94629
4618.png,61.56413
4620.png,50.607098
4621.png,37.24284
4623.png,26.14746
4628.png,45.349934
4629.png,40.95052
4631.png,75.50944
4636.png,92.24935
4638.png,36.578777
4643.png,25.566406
4647.png,28.776041
4648.png,22.218424
4653.png,38.155926
4654.png,16.32487
4657.png,70.52897
4658.png,41.39323
4661.png,80.79427
4662.png,64.663086
4663.png,53.429363
4665.png,34.503582
4668.png,84.00391
4669.png,53.844402
4670.png,75.86914
4672.png,28.333334
4673.png,81.762695
4674.png,83.83789
4675.png,67.291664
4676.png,44.74121
4680.png,60.208332
4682.png,43.66211
4684.png,65.21647
4686.png,87.26888
4689.png,54.121094
4690.png,33.950195
4691.png,78.30404
4692.png,46.29069
4693.png,46.844074
4699.png,78.74674
4702.png,27.226562
4705.png,49.611004
4707.png,42.057293
4708.png,67.78971
4710.png,87.76693
4712.png,48.14453
4715.png,58.548176
4716.png,42.583008
4717.png,43.71745
4718.png,51.326496
4720.png,80.93262
4721.png,73.6556
4723.png,14.083659
4724.png,74.26432
4725.png,41.946613
4726.png,57.939453
4727.png,52.37793
4734.png,55.83659
4736.png,94.15853
4739.png,52.37793
4740.png,60.595703
4748.png,52.79297
4749.png,59.101562
4750.png,52.986652
4753.png,37.51953
4756.png,67.430016
4757.png,67.92806
4758.png,42.583008
4759.png,61.979168
4760.png,42.721355
4761.png,70.44596
4762.png,54.065754
4763.png,58.603516
4765.png,46.7334
4766.png,40.812176
4767.png,54.785156
4769.png,46.124676
4770.png,42.583008
4780.png,48.8916
4781.png,86.328125
4786.png,16.546225
4787.png,57.524414
4789.png,53.318684
4791.png,51.54785
4793.png,42.527668
4796.png,71.27604
4799.png,70.75033
4800.png,73.43424
4803.png,69.31152
4811.png,78.49772
4813.png,43.19173
4814.png,61.591797
4818.png,59.8763
4823.png,48.061523
4824.png,46.429035
4826.png,50.13672
4827.png,80.600586
4828.png,31.985678
4830.png,55.117188
4832.png,38.34961
4836.png,44.07715
4837.png,30.68522
4846.png,55.061848
4851.png,17.652994
4852.png,67.37467
4853.png,55.061848
4855.png,66.1849
4864.png,66.10189
4865.png,54.536133
4875.png,55.42155
4876.png,63.141277
4877.png,49.168293
4878.png,37.021484
4881.png,30.187174
4883.png,73.0192
4885.png,43.33008
4891.png,44.76888
4893.png,39.345703
4894.png,36.883137
4895.png,84.39127
4899.png,70.94401
4901.png,54.591473
4904.png,40.64616
4906.png,62.97526
4912.png,69.56055
4913.png,25.151367
4917.png,22.080078
4919.png,35.388996
4920.png,55.587566
4928.png,38.32194
4931.png,53.014324
4932.png,49.195965
4934.png,34.19922
4937.png,43.108723
4939.png,52.32259
4940.png,70.99935
4941.png,26.479492
4943.png,58.71419
4944.png,63.777668
4946.png,47.729492
4947.png,44.46452
4951.png,69.17318
4954.png,47.591145
4958.png,70.63965
4959.png,34.641926
4967.png,58.49284
4970.png,77.77832
4971.png,50.19206
4973.png,41.586914
4977.png,31.183268
4979.png,49.112957
4981.png,60.34668
4984.png,38.570965
4985.png,48.08919
4986.png,50.966797
4988.png,60.042316
4994.png,41.088867
